Job name ; Longest path
Job0 ; Job0 -> Job1 -> Job5
Job1 ; Job1 -> Job5
Job2 ; Job2 -> Job5
Job3 ; Job3 -> Job5
Job4 ; Job4 -> Job5
Job5 ; Job5
Job6 ; Job6 -> Job7 -> Job8
Job7 ; Job7 -> Job8
Job8 ; Job8
Job9 ; Job9 -> Job10 -> Job13
Job10 ; Job10 -> Job13
Job11 ; Job11 -> Job13
Job12 ; Job12 -> Job13
Job13 ; Job13
Job14 ; Job14 -> Job15 -> Job17 -> Job18 -> Job19
Job15 ; Job15 -> Job17 -> Job18 -> Job19
Job16 ; Job16 -> Job17 -> Job18 -> Job19
Job17 ; Job17 -> Job18 -> Job19
Job18 ; Job18 -> Job19
Job19 ; Job19
Job20 ; Job20 -> Job21 -> Job25
Job21 ; Job21 -> Job25
Job22 ; Job22 -> Job25
Job23 ; Job23 -> Job25
Job24 ; Job24 -> Job25
Job25 ; Job25
Job26 ; Job26 -> Job27 -> Job31
Job27 ; Job27 -> Job31
Job28 ; Job28 -> Job31
Job29 ; Job29 -> Job31
Job30 ; Job30 -> Job31
Job31 ; Job31
Job32 ; Job32 -> Job33 -> Job37
Job33 ; Job33 -> Job37
Job34 ; Job34 -> Job37
Job35 ; Job35 -> Job37
Job36 ; Job36 -> Job37
Job37 ; Job37
Job38 ; Job38 -> Job39 -> Job43
Job39 ; Job39 -> Job43
Job40 ; Job40 -> Job43
Job41 ; Job41 -> Job43
Job42 ; Job42 -> Job43
Job43 ; Job43
Job44 ; Job44 -> Job45 -> Job49
Job45 ; Job45 -> Job49
Job46 ; Job46 -> Job49
Job47 ; Job47 -> Job49
Job48 ; Job48 -> Job49
Job49 ; Job49
Job50 ; Job50 -> Job51 -> Job55
Job51 ; Job51 -> Job55
Job52 ; Job52 -> Job55
Job53 ; Job53 -> Job55
Job54 ; Job54 -> Job55
Job55 ; Job55
Job56 ; Job56 -> Job57 -> Job61
Job57 ; Job57 -> Job61
Job58 ; Job58 -> Job61
Job59 ; Job59 -> Job61
Job60 ; Job60 -> Job61
Job61 ; Job61
Job62 ; Job62 -> Job63 -> Job67
Job63 ; Job63 -> Job67
Job64 ; Job64 -> Job67
Job65 ; Job65 -> Job67
Job66 ; Job66 -> Job67
Job67 ; Job67
Job68 ; Job68 -> Job69 -> Job73
Job69 ; Job69 -> Job73
Job70 ; Job70 -> Job73
Job71 ; Job71 -> Job73
Job72 ; Job72 -> Job73
Job73 ; Job73
Job74 ; Job74 -> Job75 -> Job79
Job75 ; Job75 -> Job79
Job76 ; Job76 -> Job79
Job77 ; Job77 -> Job79
Job78 ; Job78 -> Job79
Job79 ; Job79
Job80 ; Job80 -> Job81 -> Job85
Job81 ; Job81 -> Job85
Job82 ; Job82 -> Job85
Job83 ; Job83 -> Job85
Job84 ; Job84 -> Job85
Job85 ; Job85
Job86 ; Job86 -> Job87 -> Job91
Job87 ; Job87 -> Job91
Job88 ; Job88 -> Job91
Job89 ; Job89 -> Job91
Job90 ; Job90 -> Job91
Job91 ; Job91
Job92 ; Job92 -> Job93 -> Job97
Job93 ; Job93 -> Job97
Job94 ; Job94 -> Job97
Job95 ; Job95 -> Job97
Job96 ; Job96 -> Job97
Job97 ; Job97
Job98 ; Job98 -> Job99 -> Job103
Job99 ; Job99 -> Job103
Job100 ; Job100 -> Job103
Job101 ; Job101 -> Job103
Job102 ; Job102 -> Job103
Job103 ; Job103
Job104 ; Job104 -> Job105 -> Job109
Job105 ; Job105 -> Job109
Job106 ; Job106 -> Job109
Job107 ; Job107 -> Job109
Job108 ; Job108 -> Job109
Job109 ; Job109
Job110 ; Job110 -> Job111 -> Job115
Job111 ; Job111 -> Job115
Job112 ; Job112 -> Job115
Job113 ; Job113 -> Job115
Job114 ; Job114 -> Job115
Job115 ; Job115
Job116 ; Job116 -> Job117 -> Job121
Job117 ; Job117 -> Job121
Job118 ; Job118 -> Job121
Job119 ; Job119 -> Job121
Job120 ; Job120 -> Job121
Job121 ; Job121
Job122 ; Job122 -> Job123 -> Job127
Job123 ; Job123 -> Job127
Job124 ; Job124 -> Job127
Job125 ; Job125 -> Job127
Job126 ; Job126 -> Job127
Job127 ; Job127
Job128 ; Job128 -> Job129 -> Job133
Job129 ; Job129 -> Job133
Job130 ; Job130 -> Job133
Job131 ; Job131 -> Job133
Job132 ; Job132 -> Job133
Job133 ; Job133
Job134 ; Job134 -> Job135 -> Job136
Job135 ; Job135 -> Job136
Job136 ; Job136
Job137 ; Job137 -> Job138 -> Job139
Job138 ; Job138 -> Job139
Job139 ; Job139
Job140 ; Job140 -> Job141 -> Job142
Job141 ; Job141 -> Job142
Job142 ; Job142
Job143 ; Job143 -> Job144 -> Job145
Job144 ; Job144 -> Job145
Job145 ; Job145
Job146 ; Job146 -> Job147 -> Job148
Job147 ; Job147 -> Job148
Job148 ; Job148
Job149 ; Job149 -> Job150 -> Job151
Job150 ; Job150 -> Job151
Job151 ; Job151
Job152 ; Job152 -> Job153 -> Job154
Job153 ; Job153 -> Job154
Job154 ; Job154
Job155 ; Job155 -> Job156 -> Job157
Job156 ; Job156 -> Job157
Job157 ; Job157
Job158 ; Job158 -> Job159 -> Job160
Job159 ; Job159 -> Job160
Job160 ; Job160
Job161 ; Job161 -> Job162 -> Job163
Job162 ; Job162 -> Job163
Job163 ; Job163
Job164 ; Job164 -> Job165 -> Job168
Job165 ; Job165 -> Job168
Job166 ; Job166 -> Job168
Job167 ; Job167 -> Job168
Job168 ; Job168
Job169 ; Job169 -> Job170 -> Job173
Job170 ; Job170 -> Job173
Job171 ; Job171 -> Job173
Job172 ; Job172 -> Job173
Job173 ; Job173
Job174 ; Job174 -> Job175 -> Job178
Job175 ; Job175 -> Job178
Job176 ; Job176 -> Job178
Job177 ; Job177 -> Job178
Job178 ; Job178
Job179 ; Job179 -> Job180 -> Job183
Job180 ; Job180 -> Job183
Job181 ; Job181 -> Job183
Job182 ; Job182 -> Job183
Job183 ; Job183
Job184 ; Job184 -> Job185 -> Job188
Job185 ; Job185 -> Job188
Job186 ; Job186 -> Job188
Job187 ; Job187 -> Job188
Job188 ; Job188
Job189 ; Job189 -> Job190 -> Job193
Job190 ; Job190 -> Job193
Job191 ; Job191 -> Job193
Job192 ; Job192 -> Job193
Job193 ; Job193
Job194 ; Job194 -> Job195 -> Job198
Job195 ; Job195 -> Job198
Job196 ; Job196 -> Job198
Job197 ; Job197 -> Job198
Job198 ; Job198
Job199 ; Job199 -> Job200 -> Job203
Job200 ; Job200 -> Job203
Job201 ; Job201 -> Job203
Job202 ; Job202 -> Job203
Job203 ; Job203
Job204 ; Job204 -> Job205 -> Job208
Job205 ; Job205 -> Job208
Job206 ; Job206 -> Job208
Job207 ; Job207 -> Job208
Job208 ; Job208
Job209 ; Job209 -> Job210 -> Job213
Job210 ; Job210 -> Job213
Job211 ; Job211 -> Job213
Job212 ; Job212 -> Job213
Job213 ; Job213
Job214 ; Job214 -> Job215 -> Job218
Job215 ; Job215 -> Job218
Job216 ; Job216 -> Job218
Job217 ; Job217 -> Job218
Job218 ; Job218
Job219 ; Job219 -> Job220 -> Job223
Job220 ; Job220 -> Job223
Job221 ; Job221 -> Job223
Job222 ; Job222 -> Job223
Job223 ; Job223
Job224 ; Job224 -> Job225 -> Job228
Job225 ; Job225 -> Job228
Job226 ; Job226 -> Job228
Job227 ; Job227 -> Job228
Job228 ; Job228
Job229 ; Job229 -> Job230 -> Job233
Job230 ; Job230 -> Job233
Job231 ; Job231 -> Job233
Job232 ; Job232 -> Job233
Job233 ; Job233
Job234 ; Job234 -> Job235 -> Job238
Job235 ; Job235 -> Job238
Job236 ; Job236 -> Job238
Job237 ; Job237 -> Job238
Job238 ; Job238
Job239 ; Job239 -> Job240 -> Job243
Job240 ; Job240 -> Job243
Job241 ; Job241 -> Job243
Job242 ; Job242 -> Job243
Job243 ; Job243
Job244 ; Job244 -> Job245 -> Job248
Job245 ; Job245 -> Job248
Job246 ; Job246 -> Job248
Job247 ; Job247 -> Job248
Job248 ; Job248
Job249 ; Job249 -> Job250 -> Job252 -> Job253 -> Job254
Job250 ; Job250 -> Job252 -> Job253 -> Job254
Job251 ; Job251 -> Job252 -> Job253 -> Job254
Job252 ; Job252 -> Job253 -> Job254
Job253 ; Job253 -> Job254
Job254 ; Job254
Job255 ; Job255 -> Job256 -> Job258 -> Job259 -> Job260
Job256 ; Job256 -> Job258 -> Job259 -> Job260
Job257 ; Job257 -> Job258 -> Job259 -> Job260
Job258 ; Job258 -> Job259 -> Job260
Job259 ; Job259 -> Job260
Job260 ; Job260
Job261 ; Job261 -> Job262 -> Job264 -> Job265 -> Job266
Job262 ; Job262 -> Job264 -> Job265 -> Job266
Job263 ; Job263 -> Job264 -> Job265 -> Job266
Job264 ; Job264 -> Job265 -> Job266
Job265 ; Job265 -> Job266
Job266 ; Job266
Job267 ; Job267 -> Job268 -> Job270 -> Job271 -> Job272
Job268 ; Job268 -> Job270 -> Job271 -> Job272
Job269 ; Job269 -> Job270 -> Job271 -> Job272
Job270 ; Job270 -> Job271 -> Job272
Job271 ; Job271 -> Job272
Job272 ; Job272
Job273 ; Job273 -> Job274 -> Job276 -> Job277 -> Job278
Job274 ; Job274 -> Job276 -> Job277 -> Job278
Job275 ; Job275 -> Job276 -> Job277 -> Job278
Job276 ; Job276 -> Job277 -> Job278
Job277 ; Job277 -> Job278
Job278 ; Job278
Job279 ; Job279 -> Job280 -> Job282 -> Job283 -> Job284
Job280 ; Job280 -> Job282 -> Job283 -> Job284
Job281 ; Job281 -> Job282 -> Job283 -> Job284
Job282 ; Job282 -> Job283 -> Job284
Job283 ; Job283 -> Job284
Job284 ; Job284
Job285 ; Job285 -> Job286 -> Job288 -> Job289 -> Job290
Job286 ; Job286 -> Job288 -> Job289 -> Job290
Job287 ; Job287 -> Job288 -> Job289 -> Job290
Job288 ; Job288 -> Job289 -> Job290
Job289 ; Job289 -> Job290
Job290 ; Job290
Job291 ; Job291 -> Job292 -> Job294 -> Job295 -> Job296
Job292 ; Job292 -> Job294 -> Job295 -> Job296
Job293 ; Job293 -> Job294 -> Job295 -> Job296
Job294 ; Job294 -> Job295 -> Job296
Job295 ; Job295 -> Job296
Job296 ; Job296
Job297 ; Job297 -> Job298 -> Job300 -> Job301 -> Job302
Job298 ; Job298 -> Job300 -> Job301 -> Job302
Job299 ; Job299 -> Job300 -> Job301 -> Job302
Job300 ; Job300 -> Job301 -> Job302
Job301 ; Job301 -> Job302
Job302 ; Job302
Job303 ; Job303 -> Job304 -> Job306 -> Job307 -> Job308
Job304 ; Job304 -> Job306 -> Job307 -> Job308
Job305 ; Job305 -> Job306 -> Job307 -> Job308
Job306 ; Job306 -> Job307 -> Job308
Job307 ; Job307 -> Job308
Job308 ; Job308
Job309 ; Job309 -> Job310 -> Job312 -> Job313 -> Job314
Job310 ; Job310 -> Job312 -> Job313 -> Job314
Job311 ; Job311 -> Job312 -> Job313 -> Job314
Job312 ; Job312 -> Job313 -> Job314
Job313 ; Job313 -> Job314
Job314 ; Job314
Job315 ; Job315 -> Job316 -> Job318 -> Job319 -> Job320
Job316 ; Job316 -> Job318 -> Job319 -> Job320
Job317 ; Job317 -> Job318 -> Job319 -> Job320
Job318 ; Job318 -> Job319 -> Job320
Job319 ; Job319 -> Job320
Job320 ; Job320
Job321 ; Job321 -> Job322 -> Job324 -> Job325 -> Job326
Job322 ; Job322 -> Job324 -> Job325 -> Job326
Job323 ; Job323 -> Job324 -> Job325 -> Job326
Job324 ; Job324 -> Job325 -> Job326
Job325 ; Job325 -> Job326
Job326 ; Job326
Job327 ; Job327 -> Job328 -> Job330 -> Job331 -> Job332
Job328 ; Job328 -> Job330 -> Job331 -> Job332
Job329 ; Job329 -> Job330 -> Job331 -> Job332
Job330 ; Job330 -> Job331 -> Job332
Job331 ; Job331 -> Job332
Job332 ; Job332
Job333 ; Job333 -> Job334 -> Job336 -> Job337 -> Job338
Job334 ; Job334 -> Job336 -> Job337 -> Job338
Job335 ; Job335 -> Job336 -> Job337 -> Job338
Job336 ; Job336 -> Job337 -> Job338
Job337 ; Job337 -> Job338
Job338 ; Job338
Job339 ; Job339 -> Job340 -> Job342 -> Job343 -> Job344
Job340 ; Job340 -> Job342 -> Job343 -> Job344
Job341 ; Job341 -> Job342 -> Job343 -> Job344
Job342 ; Job342 -> Job343 -> Job344
Job343 ; Job343 -> Job344
Job344 ; Job344
